{
  "timestamp": "2026-04-16T01:40:34.687602",
  "document": "Client/Tools/doubao_image_gen_all.yaml",
  "stats": {
    "total": 161,
    "success": 161,
    "fail": 0,
    "skip": 0,
    "elapsed_seconds": 351.7
  },
  "model_rotator": {
    "models": [
      "doubao-seedream-5-0-260128",
      "doubao-seedream-5-0-lite-260128",
      "doubao-seedream-4-5-251128",
      "doubao-seedream-4-0-250828"
    ],
    "fail_counts": {
      "doubao-seedream-5-0-260128": 4,
      "doubao-seedream-5-0-lite-260128": 2
    },
    "cooldowns": {
      "doubao-seedream-5-0-260128": 1776274603.4659982,
      "doubao-seedream-5-0-lite-260128": 1776274603.791438
    }
  }
}